{
	"info": {
		"_postman_id": "40d129a7-6c7a-4116-bba3-3f418f39a439",
		"name": "TaskManagementApi",
		"schema": "https://schema.getpostman.com/json/collection/v2.1.0/collection.json"
	},
	"item": [
		{
			"name": "Tasks",
			"request": {
				"method": "GET",
				"header": [],
				"url": {
					"raw": "http://localhost:5126/Tasks",
					"protocol": "http",
					"host": [
						"localhost"
					],
					"port": "5126",
					"path": [
						"Tasks"
					]
				}
			},
			"response": []
		},
		{
			"name": "Tasks",
			"protocolProfileBehavior": {
				"disabledSystemHeaders": {
					"content-type": true
				}
			},
			"request": {
				"method": "POST",
				"header": [
					{
						"key": "Content-Type",
						"value": "application/json",
						"type": "text"
					}
				],
				"body": {
					"mode": "raw",
					"raw": "{\r\n    \"isCompleted\": false,\r\n    \"createdBy\": \"Sabita\",\r\n    \"taskDescription\": \"Manual task added\"\r\n}"
				},
				"url": {
					"raw": "http://localhost:5126/Tasks",
					"protocol": "http",
					"host": [
						"localhost"
					],
					"port": "5126",
					"path": [
						"Tasks"
					]
				}
			},
			"response": []
		},
		{
			"name": "Update Task",
			"protocolProfileBehavior": {
				"disabledSystemHeaders": {
					"content-type": true
				}
			},
			"request": {
				"method": "PUT",
				"header": [
					{
						"key": "Content-Type",
						"value": "application/json",
						"type": "text"
					}
				],
				"body": {
					"mode": "raw",
					"raw": "        {\r\n  \"isCompleted\": true,\r\n  \"createdBy\": \"Sabita\",\r\n  \"taskDescription\": \"This task is updated\"\r\n}"
				},
				"url": {
					"raw": "http://localhost:5126/Tasks/4",
					"protocol": "http",
					"host": [
						"localhost"
					],
					"port": "5126",
					"path": [
						"Tasks",
						"4"
					]
				}
			},
			"response": []
		},
		{
			"name": "Delete Task",
			"protocolProfileBehavior": {
				"disabledSystemHeaders": {
					"content-type": true
				}
			},
			"request": {
				"method": "DELETE",
				"header": [
					{
						"key": "Content-Type",
						"value": "application/json",
						"type": "text"
					}
				],
				"body": {
					"mode": "raw",
					"raw": ""
				},
				"url": {
					"raw": "http://localhost:5126/Tasks/4",
					"protocol": "http",
					"host": [
						"localhost"
					],
					"port": "5126",
					"path": [
						"Tasks",
						"4"
					]
				}
			},
			"response": []
		}
	]
}
